,English,Gaeilge
0,The papers and the machine are sitting there.,Tá na páipéir agus an mheaisín ina suí.
1,It's cold in winter.,Bíonn sé fuar sa Gheimhreadh.
2,I am looking for a new job.,Tá mé ag lorg post nua.
3,That song was on the radio yesterday.,Bhí an t-amhrán sin ar an raidió inné.
4,The water is coming down the wall.,Tá an t-uisce ag teacht ar an mballa.
5,He's in luck.,Tá an t-ádh dearg leis.
6,They are cleaning the rooms.,Tá siad ag glanadh na seomraí.
7,That book is very interesting.,Tá an leabhar sin an-suimiúil.
8,He's trying to do better.,Tá sé ag iarraidh iarracht níos fearr a dhéanamh.
9,Everyone is waiting for this series.,Tá na daoine go léir ag fanacht leis an tsraith seo.
10,The first impression is important.,Tá an chéad fhéachaint tábhachtach.
11,There's no one else in the room.,Níl aon duine eile sa seomra.
12,They are working hard.,Tá siad ag obair go dian.
13,They are looking forward to going out at the weekend.,Tá siad ag súil le dul amach ar an deireadh seachtaine.
14,It's a long journey.,Is fada an turas é.
15,The house is too crowded.,Tá an teach róthapaí.
16,The house is at the table.,Tá an teach ag an mbord.
17,The Olympic games are taking place this year.,Tá na cluichí olympacha ar siúl i mbliana.
18,I love that food.,Is aoibhinn liom an bia sin.
19,It's not easy for him to be comfortable.,Níl sé deacair a bheith compordach leis.
20,We're in luck.,Tá an t-ádh linn.
21,This house is too crowded.,Tá an teach seo róthapaí.
22,It's okay.,Tá sé go maith.
23,The goal is to achieve it.,Tá an sprioc ann a bhaint amach.
24,It's approaching the deadline.,Tá sé ag druidim leis an gcinniúint.
25,All these places are very interesting.,Tá na háiteanna seo ar fad an-suimiúil.
26,The water is dry.,Tá an t-uisce tirim.
27,It's cold today.,Tá sé fuar inniu.
28,It's difficult to improve that.,Tá sé deacair an rud sin a dheisiú.
29,That's what happened.,Is é sin an rud a tharla.
30,That work is done.,Tá an obair sin réidh.
31,It's hard to understand.,Tá sé deacair a thuiscint.
32,The length is there.,Tá an fhaid ann.
33,The TV is broken.,Tá an teilifís briste.
34,This road is boring.,Tá an bhóthar seo leadránach.
35,The climate is warm.,Tá an t-aeráid te.
36,The leaves are falling.,Tá na duilleoga ag titim.
37,The room is dark.,Tá an seomra dorcha.
38,The market is going downhill.,Tá an mhargadh ag dul i léig.
39,The other part of the cinema is closed.,Tá an chuid eile den phictiúrlann dúnta.
40,This place is secret.,Tá an áit seo rúnda.
41,That question is just coming to me.,Tá an cheist sin díreach ag teacht chugam.
42,That search is hard.,Tá an cuardach sin crua.
43,He's lucky.)Tá an ghrian ag taitneamh inniu,Tá an t-ádh leis.
44,I love concerts.,Is breá liom ceolchoirmeacha.
45,It's wonderful that you're here.,Tá sé go hiontach go bhfuil tú anseo.
46,I'm not sure about that.,Níl mé cinnte faoi sin.
47,Do you like to dance?,An maith leat damhsa?
48,I love tea.,Is breá liom tae.
49,It's cold today.,Tá an aimsir fuar inniu.
50,I am learning Irish.,Tá mé ag foghlaim Gaeilge.
51,We are looking forward to the weekend.,Táimid ag tnúth leis an deireadh seachtaine.
52,Where do you live?,Cá bhfuil tú i do chónaí?
53,I ate my dinner.,D'ith mé mo dhinnéar.
54,He spoke smoothly with me.,Labhair sé go réidh liom.
55,They took care of the house.,Thug siad aire don teach.
56,I wrote a letter to my friend.,Scríobh mé litir chuig mo chara.
57,I dressed up for the occasion.,Ghléas mé suas don ócáid.
58,I hurried to catch the bus.,Rinne mé deifir chun an bus a fháil.
59,He was listening to music.,Bhí sé ag éisteacht le ceol.
60,I saw the movie last night.,Chonaic mé an scannán aréir.
61,They expressed their opinion about the story.,Dúirt siad a n-ionchúis faoin scéal.
62,He left the room behind him.,D'fhág sé an seomra ina diaidh.
63,I bought something in the shop.,Cheannaigh mé rud éigin sa siopa.
64,They went out for a walk in the garden.,Chuaigh siad amach ag siúl sa ghairdín.
65,They took the boxes out of the bathroom.,Thóg siad na boscaí amach ón seomra folctha.
66,I called my brother.,Chuir mé glaoch ar mo dheartháir.
67,They left a message for me at my address.,D'fhág siad teachtaireacht dom ar mo sheoladh.
68,I enjoyed the lecture yesterday.,Bhain mé taitneamh as an léacht inné.
69,She was walking on the way home.,Bhí sí ag siúl ar an mbealach abhaile.
70,They asked me a question about my studies.,Chuir siad ceist orm faoi mo chuid staidéir.
71,He took a glass of water and drank it.,Thóg sé gloine uisce agus d'ól sé é.
72,They took part in the competition.,Ghlac siad páirt sa chomórtas.
73,They came back late from the shop.,Tháinig siad ar ais go mall ón siopa.
74,He visited his friends.,Chuaigh sé ar cuairt chuig a chairde.
75,They went to the cinema.,Chuaigh siad go dtí an phictiúrlann.
76,He bought a new trash can.,Cheannaigh sé bosca bruscair nua.
77,I was playing football with my friends.,Bhí mé ag imirt peile le mo chairde.
78,I presented that story to the principal.,Chuir mé an scéal sin faoi bhráid an phríomhoide.
79,They decided to visit England.,Bheartaigh siad dul ar cuairt go Sasana.
80,The music was beautiful.,Bhí an cheol go hálainn.
81,I learned that song in music class.,D'fhoghlaim mé an amhrán sin i rang ceoil.
82,He thought the dinner was tasty.,Shíl sé go raibh an dinnéar blasta.
83,The scholarship material fell out of the manuscript.,Thit an t-ábhar scoláireachta amach as an lámhscríbhinn.
84,He said they were just discussing that story.,Dúirt sé go raibh an scéal sin díreach á phlé acu.
85,I listened to the TV series all night.,D'éist mé leis an tsraith teilifíse ar feadh na hoíche.
86,He wrote a piece out of the poem.,Scríobh sé píosa amach de chuid an dáin.
87,I could come to the céilí tonight.,D'fhéadfainn teacht go dtí an gcéilí anocht.
88,We could go to the cinema tomorrow.,D'fhéadfaimis dul go dtí an phictiúrlann amárach.
89,They took a photograph of the games.,Thóg siad grianghraf de na cluichí.
90,They ate the fish at the restaurant.,D'ith siad an t-iasc ag an bialann.
91,I bought a new glass for my room.,Cheannaigh mé gloine nua do mo sheomra.
92,They played games together on the livestream.,D'imir siad cluichí le chéile ar an bhfíseánchraoladh.
93,The weather was bad yesterday.,Bhí an aimsir go dona inné.
94,I am going to the shop.,Tá mé ag dul go dtí an siopa.
95,I drank a cup of tea with my friend.,D'ól mé cupán tae le mo chara.
96,They put the letter in the mailbox.,Chuir siad an litir san bosca poist.
97,They got new jobs.,Fuair siad obair nua.
98,I heard a wonderful story about that trip.,Chuala mé scéal iontach faoin turas sin.
99,The game started at eight o'clock.,Thosaigh an cluiche ag a hocht a chlog.
100,They ate a big meal at night.,D'ith siad béile mór san oíche.
101,The sun was splitting the rocks.,Bhí an ghrian ag scoilteadh na gcloch.
102,The train went to Mallorca.,Chuaigh an traenach go Mallorca.
103,That book was beautiful.,Bhí an leabhar sin go hálainn.
104,I learned how important music is to people.,D'fhoghlaim mé cé chomh tábhachtach is atá suim ag daoine i gceol.
105,That person fell to their knees on the road.,Thit an duine sin ar a ghlúiní ar an mbóthar.
106,I asked them about the top quality.,D'fhiafraigh mé díobh faoin gcéad scoth.
107,The melody was going on forever.,Bhí an fonn ceoil ag dul ar aghaidh go buan.
108,The children went back to school today.,Chuaigh na páistí ar ais ar scoil inniu.
109,The boy had a new face expression.,Bhí an t-éadan úr ag an mbuachaill.
110,They said they had the conversation for a while.,Dúirt siad go raibh an chaint acu le himeacht ama.
111,I listened to the movie for two hours.,D'éist mé leis an scannán ar feadh dhá uair an chloig.
112,They opened the door for their father.,D'oscail siad an doras don athair.
113,The sea broke through the rocks.,Bhris an fharraige trí na cróga.
114,I went on a trip to the cinema with my family.,Rinne mé turas go dtí an phictiúrlann le mo chlann.
115,They reached the corner of the town.,Shroich siad an chúinne den bhaile.
116,They left the house at seven o'clock.,D'fhág siad an teach ar a seacht a chlog.
117,I bought a new piece of clothing today.,Cheannaigh mé píosa éadaigh nua inniu.
118,I heard a loud noise in the sea.,Chuala mé torann mór san fharraige.
119,I learned how to install a piece of software on the computer.,D'fhoghlaim mé conas píosa bogearraí a shuíomh ar an ríomhaire.
120,I visited my friend yesterday.,Thug mé cuairt ar mo chara inné.
121,The clock struck me while I was walking.,Bhuail sé an clog orm agus mé ag siúl.
122,He emphasized doing the right thing.,Chuir sé béim ar an rud ceart a dhéanamh.
123,The food was nice and tasty.,Bhí an bia go deas agus blasta.
124,I listened to a beautiful song on the radio.,D'éist mé le hamhrán álainn ar an raidió.
125,Autumn was coming and the leaves were falling.,Bhí an fómhar ag teacht agus bhí na duilleoga ag titim.
126,I asked them why they are in their heritage.,D'fhiafraigh mé díobh cén fáth a bhfuil siad ina n-oidhreacht.
127,The house was full of people at the party.,Bhí an teach lán le daoine ag an gcóisir.
128,I ate a sandwich and a cup of tea.,D'ith mé ceapaire agus cupán tae.
129,He went to school on the tram.,Chuaigh sé ar scoil ar an luas.
130,She wore new shoes.,Chuir sí ar bróga nua.
131,The night was dark and the sky was cloudy.,Bhí an oíche dorcha agus an spéir líneach.
132,The waves rose high in the sea.,Thit na tonnta go hard san fharraige.
133,They sent an email to the team.,Sheol siad ríomhphost chuig an bhfoireann.
134,I bought a cake for the party.,Cheannaigh mé císte don chóisir.
135,They completed the work last week.,Chuir siad an obair i gcrích sna laethanta seo caite.
136,The boy broke the toy with the other child.,Bhris an gasúr an bhuilleóige leis an bpáiste eile.
137,The weather was lovely last night.,Bhí an aimsir go hálainn aréir.
138,The race was completely over after a few seconds.,Bhí an rás go hiomlán tar éis cúpla soicind.
139,I made a nice outfit for the occasion.,Rinne mé feisteas breá don ócáid.
140,I saw that movie recently.,Chonaic mé an scannán sin le déanaí.
141,I ate bread and sugar with my coffee.,D'ith mé arán agus siúcra le mo chaife.
142,The person fell on the road and died.,Thit an duine ar an mbóthar agus fuair sé bás.
143,They bought tickets for the show.,Cheannaigh siad ticéid don léiriúchán.
144,The country was clean and enjoyable.,Bhí an tír glan agus taitneamhach.
145,The book hit me.,Bhuail an leabhar isteach liom.
146,I ordered a pizza slice in the restaurant.,D'ordaigh mé píotsa píotsaí sa bhialann.
147,They went on holiday to Mallorca recently.,Chuaigh siad ar saoire go Mallorca le déanaí.
148,They gave a lecture about the history of Ireland.,Thug siad léacht faoi stair na hÉireann.
149,The air was clean and warm last night.,Bhí an t-aer glan agus teas aréir.
150,I heard interesting things about that song.,Chuala mé rudaí suimiúla faoin amhrán sin.
151,They missed the first movement.,D'fhág siad teacht ar an gcéad ghluaiseacht.
152,They broke the window during the storm.,Bhris siad an fuinneog le linn an stoirm.
153,The bathroom was dry.,Bhí an seomra folctha tirim.
154,The Minister announced that the legislation is being reduced.,D'fhógair an tAire go bhfuil an reachtaíocht á laghdú.
155,I saw him escaping from the airport and he came into the city.,Chonaic mé éalú ón aerfort agus tháinig sé isteach sa chathair.
156,I ate fish and potatoes for dinner.,D'ith mé plátáil agus prátaí don dinnéar.
157,They missed the first roundabout.,D'fhág siad teacht ar an gcéad charrchlós.
158,They went for a visit to the village last night.,Chuaigh siad ar cuairt chuig an tsráidbhaile aréir.
159,The competition was completely finished at that time.,Bhí an comórtas go hiomlán chríochnaithe ag an am sin.
160,I bought brown mushrooms for the dish.,Cheannaigh mé blúiríní donn don phláta.
161,The examiner emphasized the best part of the essay.,Chuir an scrúdaitheoir béim ar an gcuid is fearr den aiste.
162,They opened the box and got the well.,D'oscail siad an bosca agus fuair siad an tobar.
163,The fish was excellent.,Bhí an t-iascán ar fheabhas.
164,They ate spaghetti with chicken and sauce.,D'ith siad spagetti le sicín agus sailéad.
165,They broke their food load during the trouble.,Bhris siad a n-ualach bia le linn an trioblóid.
166,I ordered sweet chocolate for the new year.,D'ordaigh mé seacláid milis don bhliain úr.
167,The party was held too often.,Bhí an cóisir ar siúl i gcrích go rómhinic.
168,I did housework during the week.,Rinne mé obair tí le linn na seachtaine.
169,They went for a walk by the river.,Chuaigh siad ar siúlóid cois abhann.
170,They missed the first chance.,D'fhág siad teacht ar an gcéad seans.
171,The heritage was being preserved by the committee.,Bhí an oidhreacht á gcur in áirithe ag an gcomhchoiste.
172,They bought a boat for the tour.,Cheannaigh siad báidín le haghaidh an turais.
173,The Minister announced the decision regarding the kitchen.,D'fhógair an tAire an cinneadh maidir leis an gcistin.
174,He reached registration before the end of the day.,Shroich sé an clárú roimh dheireadh an lae.
175,I ate salt and potatoes for the meal.,D'ith mé salann agus prátaí don bhéile.
176,They started the debate about the question.,Chuir siad tús leis an díospóireacht maidir leis an gceist.
177,The Minister announced the new measure regarding the open houses.,D'fhógair an tAire an beart nua maidir leis na tithe oscailte.
178,The TV was on during the day.,Bhí an teilifís ar siúl fós le linn an lae.
179,They made a couple of the apples.,Rinne siad lánúin de na húll.
180,They took the bus without any problem.,Chuaigh siad ar an mbus gan aon fhadhb.
181,The Minister announced the new arrangements regarding the classes.,D'fhógair an tAire na socruithe nua maidir leis na ranganna.
182,I ate a sandwich and a glass of milk for breakfast.,D'ith mé ceapaire agus gloine bainne don bhricfeasta.
183,They made a new savior for the street.,Rinne siad slánaitheoir nua don tsráid.
184,They missed the first stop.,D'fhág siad an teacht ar an gcéad stad.
185,They had the upper hand at that time.,Bhí an lámh in uachtar acu ag an am sin.
186,He opened the door and got the company.,D'oscail sé an doras agus fuair sé an comhluadar.
187,They were lucky in the game.,Bhí an t-ádh dearg orthu sa chluiche.
188,I did the housework during the day.,Rinne mé an obair bhaile le linn an lae.
189,They stayed at the bank for an hour.,D'fhan siad ag an mbanc éigin uair an chloig.
190,The country was improving after the hard work.,Bhí an tír ina feabhas tar éis na hardshaothrúchán.
191,The Minister announced the economic breakdown.,D'fhógair an tAire an briseadh eacnamaíochta.
192,The Minister announced the new report regarding the health problems.,D'fhógair an tAire an tuarascáil nua maidir leis na fadhbanna sláinte.
193,The weather was lovely in the Gaeltacht yesterday.,Bhí an aimsir go hálainn sa Ghaeltacht inné.
194,They stayed in a residence for a period of time.,D'fhan siad i dteach cónaithe ar feadh tréimhse.
195,The music was always great in the hall.,Bhí an ceol go hiontach ag an gcónaí sa halla.
196,I ate an apple and a muffin for lunchtime.,D'ith mé gloine úll agus sceallóga don am lóin.
197,They discussed that question during the meeting.,Rinne siad plé ar an gceist sin le linn na cruinne.
198,The crowd was standing at the bus stop.,Bhí an slua ina seasamh ag an mbus stop.
199,They stayed on the way to the airport.,D'fhan siad ar an tslí go dtí an t-aerfort.
200,They ate soup and cake for dinner.,D'ith siad anraith agus cáca milis don dinnéar.
201,The day was sad when they found out about the deaths.,Bhí an lá go brónach nuair a fuair siad amach faoi na básanna.
202,They made a choice of the pictures.,Rinne siad rogha de na picí.
203,The Minister announced the new measure regarding the work affairs.,D'fhógair an tAire an beart nua maidir leis na gnóthaí oibre.
204,They were lucky in that game.,Bhí an t-ádh leo sa chluiche sin.
205,They ate dog and chicken for dinner.,D'ith siad madra agus sicín don dinnéar.
206,They stayed on the road until the storm passed.,D'fhan siad ar an mbóthar go dtí go dtéadh an stoirm thart.
207,They started the announcement about the conference.,Chuir siad tús leis an bhfógra maidir leis an gcomhdháil.
208,They were doing that during the week.,Bhí an rud sin á dhéanamh acu i rith na seachtaine.
209,They ate spaghetti and toast for breakfast.,D'ith siad spagetti agus tósta don bhricfeasta.
210,The Minister announced the new arrangement regarding the public services.,D'fhógair an tAire an socrú nua maidir leis na seirbhísí poiblí.
211,The rain was falling heavily in the house after that.,Bhí an bháisteach ag titim go trom sa teach ina dhiaidh sin.
212,They saw the spider coming into the house.,Chonaic siad an damhán alla ag dul isteach sa teach.
213,They were lucky in that game.,Bhí an t-ádh orthu sa chluiche sin.
214,The house was destroyed after the hurricane.,Bhí an teach scriosta tar éis an tsaoiléara.
215,They left the town after the carnival.,D'fhág siad an baile tar éis an coirpigh.
216,They tasted different flavors of tea.,D'ith siad muilte de bhlasanna difriúla don tae.
217,They had the opportunity to enjoy the fresh air.,Bhí an deis acu an t-aer amuigh a shaothrú.
218,They left the sitting room and went to the bedroom.,D'fhág siad an seomra suí agus chuaigh siad go dtí an seomra leapa.
219,The space was full during the concert.,Bhí an spás lán i rith an cheoilchoirm.
220,The Minister announced the new plan regarding the health houses.,D'fhógair an tAire an phlean nua maidir leis na tithe sláinte.
221,They visited the players' park.,Thug siad cuairt ar an pháirc imreoirí.
222,They bought a new notebook at the shop.,Cheannaigh siad cóipleabhar nua ag an siopa.
223,The weather was beautiful yesterday and the sun was splitting the stones.,Bhí an aimsir go hálainn inné agus bhí an ghrian ag scoilteadh na gcloch.
224,They discussed the latest news about the message from the Chairperson.,Rinne siad plé ar an scéala is déanaí faoin teachtaireacht ón gCathaoirleach.
225,They went back to the place where they were staying.,Chuaigh siad ar ais go dtí an áit a raibh siad ag fanacht.
226,The author spoke about his new book at the book launch.,Labhair an t-údar faoina leabhar nua ag an seoladh leabhar.
227,They learned how to sell shoes online.,D'fhoghlaim siad conas na bróga a dhíol ar líne.
228,They drank a cup of tea with milk.,D'ól siad cupán tae le heiteoga.
229,They played a soccer match during the weekend.,Chas siad cluiche sacair i rith an deireadh seachtaine.
230,They bought tickets for the music festival.,Cheannaigh siad ticéid don tsraith ama ceoil.
231,They were discussing together about the business plan for this year.,Bhí siad ag caint le chéile faoin bplean gnó don bhliain seo.
232,They left the teacher's house and went home.,D'fhág siad teach na múinteoirí agus chuaigh siad abhaile.
233,The music was wonderful at the concert last night.,Bhí an ceol go hiontach ag an cheolchoirm oíche inné.
234,They wrote a letter to the editor about their plans for the newspaper.,Scríobh siad litir chuig an eagarthóir faoina bpleananna don nuachtán.
235,They wanted to take a trip to the back of the country.,Bhí siad ag iarraidh turas a thógáil chuig an taobh thiar den tír.
236,They listened to the radio and the news was very important.,D'éist siad leis an raidió agus bhí an nuacht an-tábhachtach.
237,They watched the entire movie at the picture concert.,D'fhéach siad ar an scannán go léir ag an gceolchoirm phictiúr.
238,They were talking about the places they wanted to visit as tourists.,Bhí siad ag caint faoi na háiteanna a bhí ar thóir acu a thurasóireacht.
239,They arranged to meet at the restaurant.,Shocraigh siad coinne le chéile ag an bialann.
240,The day was beautiful and they went for a walk in the park.,Bhí an lá go hálainn agus chuaigh siad ag siúl sa pháirc.
241,They were talking about the subjects they were studying at university.,Bhí siad ag caint faoi na hábhair a bhí ar staidéar acu ar an ollscoil.
242,They were making a cake together for the party.,Bhí siad ag déanamh císte le chéile don chóisir.
243,They watched TV and there was a music program on.,D'fhéach siad ar an teilifís agus bhí clár ceoil ar siúl.
244,They were going on a trip to the lake.,Bhí siad ag dul ar turas go dtí an loch iad.
245,They were talking about the subjects they were studying at home.,Bhí siad ag caint faoi na hábhair a bhí ar staidéar acu ar an mbaile.
246,They went shopping at the clothing store.,Chuaigh siad ag siopadóireacht ag an siopa éadaí.
247,They watched TV and there was a documentary on.,D'fhéach siad ar an teilifís agus bhí clár faisnéise ar siúl.
248,They were doing sports together at the sports field.,Bhí siad ag déanamh spóirt le chéile sa pháirc imeartha.
249,They were learning new songs together.,Bhí siad ag foghlaim amhráin nua le chéile.
250,They were traveling to the city.,Bhí siad ag taisteal go dtí an gcathair.
251,They were reading books together as a couple.,Bhí siad ag léamh leabhair ar an gcúpla.
252,They were meeting other people in a restaurant.,Bhí siad ag bualadh le daoine eile i mbialann.
253,They were talking about the crops they had on the farm.,Bhí siad ag caint faoi na torthaí a bhí acu ar an bhfeirm.
254,They watched TV and there was a movie on.,D'fhéach siad ar an teilifís agus bhí clár scannánaíochta ar siúl.
255,They were making presents for the children.,Bhí siad ag déanamh bronntanais do na páistí.
256,They were playing board games together.,Bhí siad ag imirt cluichí boird le chéile.
257,They looked at the beautiful views around them.,D'fhéach siad ar na radharcanna álainn timpeall orthu.
258,They were learning Irish together.,Bhí siad ag foghlaim Gaeilge le chéile.
259,They were preparing a meal together.,Bhí siad ag ullmhú béile le chéile.
260,They were going for a walk on the health trail.,Bhí siad ag dul ag siúl ar shlí na sláinte.
261,They were meeting with the neighbors.,Bhí siad ag bualadh leis na comharsana.
262,They were talking about the stories they had going on.,Bhí siad ag caint faoi na scéalta a bhí ar siúl acu.
263,They were making art together.,Bhí siad ag déanamh ealaíne le chéile.
264,They were taking care of the house and putting it in order.,Bhí siad ag tabhairt aire don teach agus ag cur in ord é.
265,They watched TV and there was a children's program on.,D'fhéach siad ar an teilifís agus bhí clár do pháistí ar siúl.
266,They were getting ready for the trip ahead.,Bhí siad ag ullmhú don turas a bhí rompu.
267,They were reading the newspaper together.,Bhí siad ag léamh an nuachtáin le chéile.
268,They were learning music together.,Bhí siad ag foghlaim ceoil le chéile.
269,They were playing hurling together.,Bhí siad ag imirt leadóg le chéile.
270,They were protesting for rights.,Bhí siad ag déanamh agóidí le haghaidh cearta.
271,They were visiting the elements.,Bhí siad ag dul ar cuairt go dtí na heilimintí.
272,They were celebrating a birthday together.,Bhí siad ag ceiliúradh lá breithe le chéile.
273,They were talking about sports and athletics.,Bhí siad ag caint faoi spóirt agus lúthchleasanna.
274,They were learning a new game together.,Bhí siad ag foghlaim súgradh nua le chéile.
275,They were doing translation for another language.,Bhí siad ag déanamh an tsíniúcháin do theanga eile.
276,They were attending cultural events.,Bhí siad ag freastal ar imeachtaí cultúrtha.
277,They were sharing information online.,Bhí siad ag scaipeadh ábhair eolais ar líne.
278,They were learning cooking together.,Bhí siad ag foghlaim cumadóireachta le chéile.
279,She writes a letter to her friend every week.,Scríobhann sí litir chuig a cara gach seachtain.
280,He ate bread and a glass of milk for breakfast.,D'ith sé arán agus gloine bainne don bhricfeasta.
281,They took part in the competition after a long period of training.,Ghlac siad páirt sa chomórtas tar éis tréimhse fhada oiliúna.
282,They tested the new machine.,Rinne siad tástáil ar an inneal nua.
283,The children play games in the park during the summer.,Bíonn na gasúir ag imirt cluichí sa pháirc i rith an tsamhraidh.
284,They have been learning Irish for the past two months.,Bhí siad ag foghlaim Gaeilge le dhá mhí anuas.
285,They left the poor house and went to the cinema.,D'fhág siad teach na mbocht agus chuaigh siad go dtí an phictiúrlann.
286,I will put the book in soon.,Cuirfidh mé isteach ar an leabhar go luath.
287,He was watching TV but he got tired.,Bhí sé ag féachaint ar an teilifís ach d'éirigh sé as.
288,I have already seen these movies.,Chonaic mé na scannáin seo cheana féin.
289,They were talking about a scheme to travel around Europe.,Bhí siad ag caint faoi scéim chun taisteal timpeall na hEorpa.
290,They will be watching the game on the weekend.,Beidh siad ag féachaint ar an gcluiche ar an deireadh seachtaine.
291,They visited the airport for travel.,Thug siad cuairt ar an t-aerfort le haghaidh taisteal.
292,He was demolishing the house for the past few weeks.,Bhí sé ag scriosadh an tí le cúpla seachtain anuas.
293,They bought tickets for the concert.,Cheannaigh siad ticéid don cheolchoirm.
294,I will go to the shop soon.,Rachaidh mé go dtí an siopa ar ball.
295,The train will be leaving at 8 o'clock.,Beidh an traein ag fágáil ag a hocht a chlog.
296,They will start the new campaign soon.,Cuirfidh siad tús leis an bhfeachtas nua go luath.
297,I will do extra studying during the holidays.,Déanfaidh mé staidéar breise le linn na laethanta saoire.
298,They will leave the house soon.,Fágfaidh siad an teach go luath.
299,I will write a letter to my friend in the winter.,Scriobhfaidh mé litir chuig mo chara sa gheimhreadh.
300,The weather will be beautiful tomorrow.,Beidh an aimsir go hálainn amárach.
301,I will be buying tickets for the theater next week.,Beidh mé ag ceannach ticéid don amharclann an tseachtain seo chugainn.
302,They will do a couple of tests on the new beer.,Déanfaidh siad cúpla tástáil ar an mbeoir nua.
303,They will go for a walk in the park soon.,Rachaidh siad ar shiúlóid sa pháirc go luath.
304,I will be writing my research paper soon.,Beidh mé ag scríobh mo pháipéar taighde go luath.
305,The food will be ready to eat at seven o'clock.,Beidh an bhia réidh le hithe ag a seacht a chlog.
306,They will go to the Gaeltacht on Monday.,Rachaidh siad go dtí an ghaeltacht ar an Luan.
307,The event will be great.,Beidh an t-imeacht ama go hiontach.
308,I will be managing the event soon.,Déanfaidh mé bainistíocht le haghaidh an imeachta go luath.
309,The game starts at seven o'clock.,Tosaíonn an cluiche ag a seacht a chlog.
310,We will start the meeting soon.,Cuirfimid tús leis an gcruinniú go luath.
311,I will visit my friends next week.,Tabharfaidh mé cuairt ar mo chairde an tseachtain seo chugainn.
312,The children will be learning about Ireland in the coming time.,Beidh na páistí ag foghlaim faoi Éirinn san am atá romhainn.
313,They will leave the country at the end of the week.,Fágfaidh siad an tír ag deireadh na seachtaine.
314,They will expose the lies here.,Cuirfidh siad na bréaga ar fáil amach anseo.
315,I will go to the bank soon.,Rachaidh mé chuig an mbanc go luath.
316,They will review the TV program soon.,Déanfaidh siad athbhreithniú ar an gclár teilifíse go luath.
317,We will have good luck in the election.,Beidh an t-ádh dearg linn san olltoghchán.
318,I will take the bus to the train station.,Rachaidh mé ar an mbus go dtí an stáisiún traenach.
319,There's nothing there but a lie.,Níl aon rud ann ach bréag.
320,The weather is beautiful today.,Tá an aimsir go hálainn inniu.
321,I forgot my coat at home.,Rinne mé dearmad ar mo chóta sa bhaile.
322,That story is very clever.,Tá an scéal sin ana-chliste.
323,My tongue is tired after all the talking.,Tá mo theanga tuirseach tar éis na cainte.
324,I've been looking forward to that walk for a while now.,Bhí mé ag tnúth leis an siúlóid ó shin.
325,The house is beautiful.,Tá an teach go hálainn.
326,I ate a sandwich in the shop.,D'ith mé ceapaire sa siopa.
327,It's hard to forget that day.,Tá sé deacair dearmad a dhéanamh ar an lá sin.
328,I want to go to the cinema tonight.,Tá mé ag iarraidh dul go dtí an phictiúrlann anocht.
329,There was a big crowd there last night.,Bhí an slua mór ann aréir.
330,It's nice talking to you.,Tá sé deas caint leat.
331,We are lucky in the game.,Tá an t-ádh dearg linn sa chluiche.
332,I got a seat in the cinema.,Fuair mé suíochán sa phictiúrlann.
333,It's not too late to change.,Níl sé ró-dhéanach chun athrú.
334,That work isn't finished yet.,Níl an obair sin críochnaithe go fóill.
335,I've already heard that story.,Tá an scéal sin cloiste agam cheana féin.
336,I'm looking forward to the weekend.,Tá mé ag súil leis an deireadh seachtaine.
337,That thing isn't easy to do.,Níl sé éasca an rud sin a dhéanamh.
338,This book is nice to read.,Tá an leabhar seo deas le léamh.
339,He was speaking quickly.,Bhí sé ag caint go tapa.
340,This company is high-quality.,Tá an chuideachta seo ard-chaighdeánach.
341,The next meeting is taking place tomorrow.,Tá an chéad chruinniú eile ar siúl amárach.
342,These books are very nice.,Tá na leabhair seo an-deas.
343,The window was open when we reached the house.,Bhí an fhuinneog oscailte nuair a shroicheamar an teach.
344,That's too hopeful to get.,Tá sé ró-théisúil sin a fháil.
345,This is a mystery now.,Tá sé seo anois faoi cheilt.
346,They had spent all the time talking.,Bhí an t-am iomlán caite acu ag caint.
347,I only saw that movie last night.,Ní fhaca mé aréir ach an scannán sin.
348,The food is very good in this restaurant.,Tá an bia an-mhaith sa bhialann seo.
349,It's difficult to understand that thing.,Tá sé deacair an rud sin a thuiscint.
350,This person is very kind.,Tá an duine seo an-chineálta.
351,These books are still waiting for me.,Tá na leabhair seo fós ag fanacht liom.
352,I played football with my friends.,D'imir mé peil le mo chairde.
353,The first meeting has been translated.,Tá an chéad chruinniú aistrithe.
354,That place was very fast for us.,Bhí an áit sin an-tapa linn.
355,That's beautiful.,Tá sé sin go hálainn.
356,The house is waiting for the market.,Tá an teach ag fanacht ar an margadh.
357,The weather is getting hot.,Tá an aimsir ag éirí teo.
358,It's difficult to say that thing.,Tá sé deacair an rud sin a rá.
359,I ate bread at the restaurant.,D'ith mé arán ag an mbialann.
360,I learned music when I was young.,D'fhoghlaim mé ceol nuair a bhí mé óg.
361,They raised the new building.,D'ardaigh siad an fhoirgneamh nua.
362,I studied history.,Rinne mé staidéar ar an stair.
363,He broke the car on the road.,Bhris sé an gluaisteán ar an mbóthar.
364,I bought new things for the house.,Cheannaigh mé rudaí nua don teach.
365,They went to the cinema.,Chuaigh siad go dtí an phictiúrlann.
366,I listened to that song before.,D'éist mé leis an amhrán sin roimhe.
367,We closed the door and left.,Dhúnamar an doras agus d'imigh muid.
368,The rooster fell in the park.,Thit an coileach sa pháirc.
369,They put the stones together.,Chuir siad na gréithe le chéile.
370,I contacted the doctor.,Chuir mé fios ar an dochtúir.
371,He wrote a letter to his friend.,Scríobh sé litir chuig a chara.
372,I woke up early yesterday.,D'éirigh mé go moch inné.
373,The game started at eight o'clock.,Thosaigh an t-imirt ag a hocht a chlog.
374,They left the lies out.,D'fhág siad na bréaga amach.
375,I drank a cup of tea with my friends.,D'ól mé cupán tae le mo chairde.
376,I saw him walking around the city.,Chonaic mé é ag siúl timpeall na cathrach.
377,He left the room too quickly.,D'fhág sé an seomra róluath.
378,We took the new hats.,Thógamar na hataí nua.
379,The weather was great for the weekend.,Bhí an aimsir go hiontach ar feadh an deireadh seachtaine.
380,I bought apples at the shop.,Cheannaigh mé úlla ag an siopa.
381,I learned the fiddle for a long time.,D'fhoghlaim mé an bhfidil le fada.
382,I listened to the sounds from the ceilí.,D'éist mé leis an bhfuaimeanna ón gcéilí.
383,She broke the knife in the bathroom.,Bhris sí an scian sa seomra folctha.
384,We ate lunch at home.,D'ith muid lón sa bhaile.
385,He opened the box and got a backache on the ground.,D'oscail sé an bosca agus fuair sé droim ar an talamh.
386,The hill fell on the man of the land.,Thit an cnoc ar fhear na tíre.
387,They left without permission.,Rinne siad imeacht gan choinne.
388,The train could be slow ahead.,D'fhéadfadh an traenach a bheith mall ar aghaidh.
389,He bought new books at the bookshop.,Cheannaigh sé leabhair nua sa siopa leabhar.
390,They started working on the field.,Thosaigh siad ag obair ar an bpáirc.
391,They left the house in the morning.,D'fhág siad an teach ar maidin.
392,The weather changed suddenly.,D'athraigh an aimsir go tobann.
393,He left his coat in the bathroom.,D'fhág sé a chóta sa seomra folctha.
394,We played games together on the first day of summer.,D'imir muid cluichí le chéile ar an gcéad lá den tsamhradh.
395,I provided the material for the exam.,Chuir mé an t-ábhar ar fáil don scrúdú.
396,They left the house without hassle.,D'fhág siad an teach gan stró.
397,The children started dancing at the school party.,Thosaigh na páistí ag damhsa ag an bpáirtí scoile.
398,He opened the door for the staff.,D'oscail sé an doras don bhfoireann.
399,I saw a cat walking on the wall.,Chonaic mé cat ag siúl ar an mballa.
400,I don't know what they're doing.,Níl a fhios agam cad atá á dhéanamh acu.
401,The food was delicious.,Bhí an bia blasta go hiontach.
402,I drank a glass of water for the thirst.,D'ith mé gloine uisce le haghaidh an tart.
403,The weather could be dry throughout the day.,D'fhéadfadh an aimsir a bheith tirim i rith an lae.
404,I bought a new school bag.,Cheannaigh mé mála scoile nua.
405,The plants were growing well in the local garden.,Bhí na plandaí ag fás go hiontach i ngairdín na háite.
406,I learned the new song shortly.,D'fhoghlaim mé an amhrán nua le gairid.
407,They played football together on Sunday.,D'imir siad peil le chéile ar an Domhnach.
408,The house was watching the sunset for three hours.,Bhí an teach ag faire na gréine trí uair an chloig.
409,He opened the newspaper and read about the politicians.,D'oscail sé an páipéar nuachta agus léigh sé faoi na polaiteoirí.
410,I heard the story that it was getting hotter.,Chuala mé an scéal go raibh sé ag éirí níos teo.
411,They left the school after the summer.,D'fhág siad teach na scoile tar éis an tsamhraidh.
412,The lecture started at eight o'clock in the afternoon.,Thosaigh an léacht ag a hocht a chlog tráthnóna.
413,They went for a walk around the park.,Chuaigh siad ag spaisteoireacht timpeall an pháirce.
414,The bus could be slow.,D'fhéadfadh an bus a bheith mall.
415,They bought new clothes for Easter.,Cheannaigh siad éadaí nua don Cháisc.
416,The sun was splitting the stones.,Bhí an ghrian ag scoilteadh na gcloch.
417,I learned interesting things about the weather.,D'fhoghlaim mé rudaí suimiúla faoin árthach.
418,The plans changed suddenly.,D'athraigh na pleananna go tobann.
419,I was lucky in that game.,Bhí an t-ádh dearg orm sa chluiche sin.
420,It could be late for the meeting.,D'fhéadfadh sé bheith déanach don gcruinniú.
421,They left the city house early.,D'fhág siad teach na cathrach go luath.
422,The dog grew very cold.,D'fhás an madra an-oighear.
423,The bus could be dirty.,D'fhéadfadh sé bheith doirte ar an mbus.
424,They played cards for an hour.,D'imir siad cluiche cártaí ar feadh uair an chloig.
425,The sea was splashing on the shore.,Bhí an fharraige ag spalpadh ar an gcé.
426,I wasn't able to answer the question.,Ní raibh mé ábalta an cheist a fhreagairt.
427,I heard the story about the trips to Africa.,Chuala mé an scéal faoi na turais chun an Afraic.
428,We ate fast food in the kitchen.,D'itheamar bia itheacháin sa chistin.
429,They returned to the city after the holidays.,D'fhill siad ar an gcathair tar éis na laethanta saoire.
430,He started talking about his friends.,Thosaigh sé ag caint faoina chuid cairde.
431,The wind was blowing strongly.,Bhí an ghaoth ag séideadh go láidir.
432,I ordered a glass of wine for the meal.,D'ordaigh mé gloine fíona don bhfraochán.
433,The house was very clean.,Bhí an teach glan go maith.
434,The day could be windy.,D'fhéadfadh an lá a bheith gaofar.
435,They left the house at midnight.,D'fhág siad an teach ag meán oíche.
436,He asked us about the hedgehog.,Chuir sé an ceist dúinn faoin imeallán.
437,I saw that movie before.,Chonaic mé an scannán sin roimhe seo.
438,They opened a new shop in the city centre.,D'oscail siad siopa nua i lár na cathrach.
439,I never went out in that area before.,Ní dheachaigh mé amach sa cheantar sin riamh.
440,They ate fish on the boat.,D'ith siad éisc sa bhád.
441,The food could be hot.,D'fhéadfadh an bia a bheith te.
442,I saw it in the cinema yesterday.,Chonaic mé é sa phictiúrlann inné.
443,The weather was lovely here last night.,Bhí an aimsir go hálainn anseo aréir.
444,He said he's going on holiday soon.,Dúirt sé go bhfuil sé ag dul ar saoire go luath.
445,The money was in doubt.,Bhí an t-airgead thar amhras.
446,They ate sugar in everything.,D'ith siad siúcra i ngach rud.
447,They came back from the shop with meat.,Tháinig siad ar ais ón siopa le feoil.
448,The day could be cloudy.,D'fhéadfadh an lá a bheith scamallach.
449,They had a very big house.,Bhí an teach a bhíodh acu sách mór.
450,They ate the food on the train.,D'itheadh siad an bia ar an traein.
451,The trip could be long.,D'fhéadfadh an turas a bheith fada.
452,He ate a sandwich and a cup of tea in the café.,D'ith sé ceapaire agus cupán tae sa chafé.
453,I heard that story before.,Chuala mé an scéal sin roimhe seo.
454,I never heard about that hedgehog before.,Níor chualathas faoin imeallán sin riamh cheana.
455,I ordered meat for the meal.,D'ordaigh mé feoil don mbéile.
456,The room fell together with the bed to the ground.,Thit an seomra in éineacht leis an tolg leis an talamh.
457,They asked me about the place where they bought the book.,Chuir siad ceist orm faoin áit ar cheannaigh siad an leabhar.
458,The weather was bad last week.,Bhí an aimsir go dona an tseachtain seo caite.
459,They ate a lot of chocolate in the shop.,D'itheadh siad an t-alán seacláide sa siopa.
460,He came home late last night.,Tháinig sé abhaile go mall aréir.
461,I never went into that room before.,Ní dheachaigh mé isteach sa seomra sin riamh.
462,She said it's great here.,Dúirt sí go bhfuil sé go hiontach anseo.
463,The world was under lock and key.,Bhí an saol faoi ghlas.
464,They drank the wine on the plate.,D'ól siad an fíon ar an mbord pláta.
465,This house was available on the market recently.,Bhí an teach seo le fáil ar an margadh le déanaí.
466,The dance could be difficult.,D'fhéadfadh an rince a bheith deacair.
467,They ate tasty food in the restaurant.,D'ith siad bia blasta sa bhialann.
468,He drank a glass of water before going to sleep.,D'ól sé gloine uisce sula ndeachaigh sé a chodladh.
469,I didn't know he had that money.,Ní raibh a fhios agam go raibh an t-airgead sin aige.
470,They ate pastries and milk in the food shop.,D'itheadh siad brioscaí agus leite sa siopa bia.
471,The wind was blowing strongly on the beach.,Bhí an ghaoth ag séideadh go láidir ar an trá.
472,The holidays could be dry.,D'fhéadfadh an laethanta saoire a bheith tirim.
473,They opened the door with the key.,D'oscail siad an doras leis an eochair.
474,The festival could be great.,D'fhéadfadh an fhéile a bheith iontach.
475,The companies were plenty at the address.,Bhí na cuideachtaí go leor ag an seoladh.
476,He ate the sandwich and soup in the restaurant.,D'ith sé an leitís agus anraith sa bhialann.
477,They drank tea in the kitchen.,D'ól siad tae sa chistin.
478,I saw this movie before.,Chonaic mé an scannán seo cheana.
479,The air is fresh today.,Tá an t-aer úr inniu.
480,Tá an cat ag codladh ar an gcófra.,The cat is sleeping on the couch.
481,That was an amazing story.,Bhí an scéala sin iontach ar fad.
482,My love for the whole family is unconditional.,Tá mo ghrá don chlann uile rómhall.
483,I am looking forward to meeting my friends again.,Táim ag súil le bualadh le mo chairde arís.
484,I love watching the sunset in the evening.,Is breá liom amharc ar an ngrian ag tráthnóna.
485,I can't help with this work at the moment.,Ní féidir liom cabhrú leis an obair seo faoi láthair.
486,I am thinking of plans for the weekend.,Táim ag smaoineamh ar imeachtaí le haghaidh an deireadh seachtaine.
487,That story was very funny.,Bhí an scéal sin fíor-ghreannmhar.
488,The food is on the table.,Tá an bia sa bhfolús ar an mbord.
489,I want to talk to you about something important.,Táim ag iarraidh caint leat faoi rud tábhachtach.
490,That story is completely false.,Tá an scéal sin go hiomlán bréagach.
491,The sun is shining brightly.,Tá an ghrian ag scoilteadh na gcloch.
492,I love going for a walk with my dog.,Is breá liom dul ar siúl le mo mhadra.
493,I don't know what will happen tomorrow.,Níl a fhios agam céard a tharlóidh amárach.
494,I am really looking forward to the next day.,Táim ag tnúth go mór leis an gcéad lá eile.
495,I love attending concerts.,Is aoibhinn liom ceolchoirmeacha a fhreastal.
496,The weather is beautiful today.,Tá an aimsir go hálainn inniu.
497,I am going to the shop for groceries.,Tá mé ag dul go dtí an siopa le haghaidh earraí bia.
498,I want to go to the cinema tonight.,Táim ag iarraidh dul go dtí an phictiúrlann anocht.
499,That information is very important.,Tá an t-eolas sin fíor-thabhachtach.
500,I am looking for new books to read.,Táim ag lorg leabhair nua le léamh.
501,I am looking forward to the first cup of tea of the day.,Táim ag tnúth leis an gcéad chupán tae den lae.
502,This beautiful view is amazing.,Tá an radharc álainn seo go hálainn.
503,I'm not sure about this thing.,Níl mé cinnte faoin rud seo.
504,The food is excellent in this restaurant.,Tá an bia ar fheabhas sa bhialann seo.
505,The door is open and everyone is welcome.,Tá an doras oscailte agus tá fáilte roimh gach duine.
506,I want to be healthier.,Táim ag iarraidh a bheith níos sláintiúla.
507,The plants are beautiful in this garden.,Tá na plandaí go hálainn san ghairdín seo.
508,I am looking forward to going on holiday soon.,Táim ag súil le dul ar saoire go luath.
509,This house is dark enough.,Tá an teach seo dorcha go leor.
510,I want to be more healthy.,Táim ag iarraidh a bheith níos folláine.
511,I love meeting new people.,Is breá liom bualadh le daoine nua.
512,The sun is setting.,Tá an ghrian ag dul faoi.
513,The sun is shining in the sky today.,Tá an ghrian ag taitneamh sa spéir inniu.
514,I was still working on the phone.,Bhí mé ag obair ar an bhfón go fóill.
515,Are you going to that area?,An bhfuil tú ag dul go dtí an cheantar sin?
516,I don't know if he's still in the other room.,Níl a fhios agam an bhfuil sé fós sa seomra eile.
517,The room is nicely decorated.,Tá an seomra suite go han-deas.
518,They were trying to get to the car.,Bhí siad ag iarraidh teacht ar an gcarr.
519,He's far too obsessed with those policies.,Tá sé i bhfad róthógtha leis na polasaí sin.
520,Those shoes go well with that shirt.,Tá na péire bróga sin go maith leis an léine sin.
521,He wasn't sure what happened.,Ní raibh sé cinnte céard a tharla.
522,This place is too crowded with tourists.,Tá an áit seo róthógtha le turasóirí.
523,He had enough time to finish his work.,Bhí an t-am aige go leor chun a chuid obair a chríochnú.
524,That window is broken.,Tá an fhuinneog sin ina ndiaidh briseadh.
525,He's ready to do his business.,Tá sé in am aige a chuid gnó a dhéanamh.
526,The apples were on the ground.,Bhí na húllanna ar an dtalamh.
527,That food is nice and tasty.,Tá an bia sin deas blasta.
528,The weather was too hot.,Bhí an aimsir róthe.
529,Those plants are growing well in the garden.,Tá na plandaí sin ag fás go maith sa ghairdín.
530,He wasn't able to go to the party.,Ní raibh sé in ann dul go dtí an chóisir.
531,The water is flowing down the hill.,Tá an t-uisce ag sileadh anuas an cnoc.
532,There was no one else there.,Ní raibh aon duine eile ann.
533,He ate the food quickly.,D'ith sé an bia go tapa.
534,I don't know what's on TV today.,Níl a fhios agam céard atá ar siúl ag an teilifís inniu.
535,The weather was beautiful yesterday.,Bhí an aimsir go hálainn inné.
536,You could say that they are very different.,D'fhéadfá a rá go bhfuil an bheirt acu an-difriúil.
537,He is leaving for a week.,Tá sé ag imeacht ar feadh seachtaine.
538,You could say he is excellent at working with people.,D'fhéadfá a rá go bhfuil sé iontach maith ag obair le daoine.
539,The bus is packed to the door.,Tá an bus lán go doras.
540,I don't know if it's right or wrong.,Níl a fhios agam an bhfuil sé ceart nó mícheart.
541,I saw a picture of the pope at the hospital yesterday.,Chonaic mé pictiúr den phápa ag an ospidéal inné.
542,I didn't know you were here.,Ní raibh a fhios agam go raibh tú anseo.
543,He is good with those things.,Tá sé go maith leis na rudaí sin.
544,I saw a movie tonight and it was great.,Chonaic mé scannán anocht agus bhí sé iontach.
545,Those places are spread all over the country.,Tá na háiteanna sin go léir scaipthe ar fud na tíre.
546,You could say she is very smart.,D'fhéadfá a rá go bhfuil sí an-chliste.
547,I heard the story from my friend.,Chuala mé an scéal ó mo chara.
548,I am going to the shop.,Tá mé ag dul go dtí an siopa.
549,I didn't see anyone there.,Ní fhaca mé éinne ansin.
550,He was very happy with the milk.,Bhí sé iontach sásta leis an mbainne.
551,He ate the sandwich slowly and lifted for a while.,D'ith sé ceapaire go mall agus ardaigh sé ar feadh tamaill.
552,He is very sick. He should go to the doctor.,Tá sé an-tinn. Ba chóir dó dul go dtí an dochtúir.
553,It's wonderful outside today.,Tá sé go hiontach amuigh inniu.
554,I ate tasty food recently.,D'ith mé bia blasta le déanaí.
555,They were talking about life.,Bhí siad ag caint faoin saol.
556,I heard beautiful music in the concert hall.,Chuala mé ceol galánta sa cheoláras.
557,It's cold in the house today.,Tá sé fuar sa teach inniu.
558,The weather was bad last night.,Bhí an aimsir go dona aréir.
559,They visited the city yesterday.,Thug siad cuairt ar an gcathair inné.
560,I met my friend on the street.,Bhuail mé le mo chara ar an tsráid.
561,That story was excellent.,Bhí an scéal sin ar fheabhas.
562,They left me a message.,D'fhág siad teachtaireacht dom.
563,I saw that movie before.,Chonaic mé an scannán sin roimhe seo.
564,The train was full to the door.,Bhí an traenach lán go doras.
565,This house is nice and peaceful.,Tá an teach seo breá suaimhneach.
566,This mobile phone is broken.,Tá an fón póca seo dodhéanta.
567,They are making progress on the job.,Tá siad ag teacht chun cinn ar an obair.
568,My heart is full of love for him.,Tá mo chroí lán súile dó.
569,I learned Irish with these conversations.,D'fhoghlaim mé Gaeilge leis na cainteanna seo.
570,He hit me hard.,Bhuail sé buille trom orm.
571,That restaurant is very good.,Tá an bhialann sin an-mhaith.
572,I went to the shop for food.,Chuaigh mé go dtí an siopa le haghaidh bia.
573,This house is beautiful.,Tá an teach seo go hálainn.
574,I was walking through the park yesterday.,Bhí mé ag siúl trí an pháirc inné.
575,Did you do your homework?,An ndearna tú do chuid obair bhaile?
576,The weather is cold today.,Tá an aimsir fuar inniu.
577,That song was beautiful.,Bhí an t-amhrán sin go hálainn.
578,I have been learning Irish for a while now.,Tá mé ag foghlaim Gaeilge le tamall anois.
579,Did you do your daily exercise?,An ndearna tú do spóirt laethúil?
580,This computer is slow.,Tá an t-inneall ríomhaire seo lag.
581,It is very sleek on the new website.,Tá sé an-ghleoite ar an láithreán gréasáin nua.
582,That money was a lot to me.,Bhí an t-airgead sin ina mhórán dom.
583,The food is on the table.,Tá an bia ar an bhfód.
584,The dog is running around the garden.,Tá an madra ag rith thart sa ghairdín.
585,The music on stage was very good.,Bhí an ceol ar an ardán an-mhaith.
586,Were you in that shop yesterday?,An raibh tú sa siopa sin inné?
587,He is speaking fluent Irish.,Tá sé ag caint as Gaeilge go líofa.
588,That game was very difficult.,Bhí an cluiche sin an-deacair.
589,This phone is late.,Tá an fón póca seo déanach.
590,The birds were singing in that place.,Bhí na héin ag canadh san áit sin.
591,The birds are coming.,Tá an teacht ag na héin.
592,The weather was beautiful at first.,Bhí an aimsir go hálainn sa gcéad dul síos.
593,I like to buy clothes online.,Is maith liom éadaí a cheannach ar líne.
594,"It's cold today, I need to wear warm clothes.","Tá sé fuar inniu, ní mór dom éadaí te a chaitheamh."
595,I have been learning Irish for a long time.,Tá mé ag foghlaim Gaeilge le fada an lá.
596,I love going shopping with my friends.,Is breá liom dul ag siopadóireacht le mo chairde.
597,The food here is very good.,Tá an bia anseo an-mhaith.
598,I love eating food in the kitchen.,Is breá liom bia ithe sa chistin.
599,I am going to the shop for a few minutes.,Tá mé ag dul go dtí an siopa ar feadh cúpla nóiméad.
600,I love those books.,Is aoibhinn liom na leabhair sin.
601,"This TV is broken, I have to buy a new one.","Tá an teilifís seo briste, caithfidh mé ceann nua a cheannach."
602,"It's dark outside, I can't see it.","Tá sé dorcha lasmuigh, ní féidir liom é a fheiceáil."
603,The weather is lovely today.,Tá an aimsir go hálainn inniu.
604,I love meeting my friend.,Is breá liom bualadh le mo chara.
605,I want to go to the shop to buy new books.,Tá mé ag iarraidh dul go dtí an siopa le leabhair nua a cheannach.
606,I love these views.,Is breá liom na radharcanna seo.
607,The window is letting in here.,Tá an fhuinneog ag scaoileadh isteach anseo.
608,This place is very interesting.,Tá an áit seo an-suimiúil.
609,"Our machine is broken, it needs to be fixed.","Tá an t-inneall againn briste, caithfear é a dheisiú."
610,I like to meet my family on the weekends.,Is maith liom bualadh le mo chlann ar an deireadh seachtaine.
611,"This class is very difficult, but I want to try.","Tá an rang seo an-deacair, ach tá mé ag iarraidh iarracht a dhéanamh."
612,I love this sport.,Is breá liom an spórt seo.
613,I am waiting to get the shillings back.,Tá mé ag fanacht leis na scillingí a fháil ar ais.
614,They are buying a house to live in.,Tá siad ag ceannach teach ina gcónaí.
615,I study every night.,Bím ag déanamh staidéir gach oíche.
616,They are learning Irish with my help.,Tá siad ag foghlaim Gaeilge le cúnamh mo chuid.
617,He is claiming that he fell ill.,Tá sé ag scaoileadh amach gur thit sé i laige.
618,They were both reading books in the library.,Bhí an bheirt acu ag léamh leabhair sa leabharlann.
619,I went shopping on the way home.,Chuaigh mé ag siopadóireacht ar an mbealach abhaile.
620,She said she was going to the airport tomorrow.,Dúirt sí go raibh sí ag dul go dtí an t-aerfort amárach.
621,The train had left by the time I arrived there.,Bhí an traein caite ag an am a bhí mé ann.
622,He found out that the girl was alone in the house.,Fuair sé amach go raibh an cailín ina aonar sa teach.
623,I saw my friend sending an email from the office.,Chonaic mé mo chara ag seoladh ríomhphoist ón oifig.
624,I ate a sandwich and knocked over a box of glassware.,D'ith mé ceapaire agus bhuail mé bosca gloine deoch.
625,I attended the concert last night.,D'fhreastal mé ar an cheolchoirm oíche inné.
626,"The weather was lovely yesterday, but it's raining today.","Bhí an aimsir go hálainn inné, ach tá sé ag cur báistí inniu."
627,He said he was about to leave the house.,Dúirt sé go raibh sé ar tí an teach a fhágáil.
628,He called his brother on the phone.,Chuir sé glaoch ar an bhfón ar a dheartháir.
629,I have finished my work for the day.,Tá mo chuid oibre críochnaithe agam don lá.
630,"Luckily, the house was empty.",Bhí an t-ádh liom go raibh an teach folamh.
631,She told me that she is preparing for an exam.,Dúirt sí liom go bhfuil sí ag ullmhú do scrúdú.
632,I went on a trip to the sea.,Chuaigh mé ar turas go dtí an fharraige.
633,The dog was expecting me when I arrived at the house.,Bhí an madra ag súil leis nuair a shroich mé an teach.
634,They found out that the library club is closed for the week.,Fuair siad amach go bhfuil an club leabharlainne dúnta ar feadh na seachtaine.
635,I learned the first part of the song in Irish.,D'fhoghlaim mé an chéad chuid den amhrán i nGaeilge.
636,I visited the bank to cause harm.,Chuaigh mé ar cuairt chuig an mbanc le dochar a dhéanamh.
637,He told me he would be here before the end of the day.,Dúirt sé liom go mbeidh sé anseo roimh dheireadh an lae.
638,The weather is getting worse.,Tá an aimsir ag dul in olcas.
639,I am lucky.,Bíonn an t-ádh dearg agam.
640,I love meeting friends.,Is breá liom bualadh le cairde.
641,I ate bread and honey for my dinner.,D'ith mé arán agus mil le mo dhinnéar.
642,I am looking forward to the summer.,Tá mé ag súil leis an samhradh.
643,I love walking on the beach.,Is breá liom siúlóid ar an trá.
644,My hair can be frizzy.,Bíonn mo chuid gruaige go fíochmhar.
645,The day is turning to dusk.,Bíonn an lá ag dul chun greille.
646,I live in the city center.,Tá mé i mo chónaí i lár na cathrach.
647,Life is difficult.,Tá sé deacair ar an saol.
648,I am looking for a new job.,Tá mé ag lorg post nua.
649,The music was beautiful.,Bhí an ceol go hálainn.
650,The flowers are growing in the garden.,Tá na bláthanna ag fás sa ghairdín.
651,I am waiting for the bus.,Tá mé ag fanacht le haghaidh an bhus.
652,I am studying Irish.,Tá mé ag staidéar Gaeilge.
653,The tide is coming in.,Tá an teacht isteach ag dul.
654,The sun is splitting the stones.,Tá an ghrian ag scoilteadh na gcloch.
655,My heart is inside you.,Tá mo chroí istigh ionat.
656,The day is passing quickly.,Tá an lá ag dul thart go tapa.
657,I am lucky today.,Tá an t-ádh liom inniu.
658,The water is leaking in the bed.,Tá an t-uisce ag sleamhnú sa leaba.
659,I don't know where my school bag is.,Níl a fhios agam cá bhfuil mo mhála scoile.
660,The fish are swimming around in the lake.,Tá na héisc ag magadh timpeall sa loch.
661,He had a few drinks during the festival.,D'ól sé cúpla deoch le linn an bhFéile.
662,They left the house without any exception.,D'fhág siad an teach gan aon eisceacht.
663,I entered the reading competition.,Chuir mé isteach ar an gcomórtas léitheoireachta.
664,The weather was lovely last night.,Bhí an aimsir go hiontach aréir.
665,I researched the information that's available.,Rinne mé iniúchadh ar an eolas atá ar fáil.
666,He is cleaning the closets in the living room.,Tá sé ag glanadh na gcófraí sa seomra suite.
667,The trip to Social was very enjoyable.,Bhí an turas go Sóisialta iontach taitneamhach.
668,They left the house in the morning.,D'fhág siad an teach ar maidin.
669,They were talking about the players.,Bhí siad ag caint faoi na himreoirí.
670,I was watching that movie yesterday.,Bhí mé ag féachaint ar an scannán sin inné.
671,He wrote that poem during working life.,Scríobh sé an dán sin le linn an tsaoil oibre.
672,He has taken the message well.,Tá an teachtaireacht curtha in aigne go maith aige.
673,The party was very fun.,Bhí an páirtí iontach spraoiúil.
674,The children were playing in the public park.,Bhí na páistí ag imirt sa pháirc phoiblí.
675,The train could be slow.,D'fhéadfadh an traein a bheith mall.
676,The playing field is owned by both teams.,Tá an pháirc imeartha ag an dá fhoireann.
677,I saw that story on the news.,Chonaic mé an scéal sin ar an nuacht.
678,He's buying salmon for the party.,Tá sé ag ceannach turtar éisc don chóisir.
679,The road was covered in snow.,Bhí an lámh in uachtar ag an mbóthar.
680,I don't understand what you're saying.,Ní thuigim an rud atá á rá agat.
681,The water is suddenly flowing in the stream.,Tá an t-uisce ag rith go tobann sa sruth.
682,I'm going to the clothes shop.,Tá mé ag dul go dtí an siopa éadaigh.
683,The weather was nice today.,Bhí an t-aer go breá inniu.
684,The house is being built now.,Tá an teach á dhéanamh suas anois.
685,I didn't know you were here.,Ní raibh a fhios agam go raibh tú anseo.
686,The day is beautiful today.,Tá an lá go hálainn inniu.
687,The food is all enjoyable.,Tá an bia ar fad pléisiúrach.
688,That story is old enough.,Tá an scéal sin sean go leor.
689,The shop is selling the card.,Tá an cárta a dhíol ag an siopa.
690,He's reading a funny book.,Tá sé ag léamh leabhar greannmhar.
691,The house is empty now.,Tá an teach folamh anois.
692,All the brown hats are late.,Tá na hataí donn déanach ar fad.
693,The black curtain is torn.,Tá an chuirtín dubh scaoilte.
694,The company is coming at 8 o'clock.,Tá an chuideachta ag teacht ag 8 a chlog.
695,The donkey is flying over the hills.,Tá an t-asal ag eitilt os cionn na gcnoc.
696,The game is ready for the competition.,Tá an chluiche réidh le haghaidh an chomórtais.
697,The knife is ready for the work.,Tá an scian sásta le haghaidh an obair.
698,I thought this was correct.,Shíl mé go raibh sé seo ceart.
699,I asked her what happened.,D'fhiafraigh mé di céard a tharla.
700,I went to the shop.,D'imigh mé chuig an siopa.
701,Maybe she will come.,B'fhéidir go dtiocfaidh sí.
702,I ordered the food.,D'ordaigh mé an bia.
703,I want to get that.,Tá mé ag iarraidh é sin a fháil.
704,He doesn't live here.,Níl sé ina chónaí anseo.
705,I wrote a letter to my friend.,Scríobh mé litir chuig mo chara.
706,He said he wouldn't do that again.,Dúirt sé nach ndéanfadh sé é sin arís.
707,I ate bread and butter.,D'ith mé arán agus im.
708,What do you think about that?,Céard a cheapann tú faoi sin?
709,He is looking forward to the show.,Tá sé ag súil leis an seó.
710,I spent the money on something else.,Chaith mé an t-airgead ar rud éigin eile.
711,She was talking to that man.,Bhí sí ag caint leis an bhfear sin.
712,She said it's too crowded.,Dúirt sí go bhfuil sé róthéagarach.
713,I heard that story before.,Chuala mé an scéal sin cheana.
714,I ate my dinner recently.,D'ith mé mo dhinnéar le déanaí.
715,I don't know what happened.,Níl a fhios agam cad a tharla.
716,The shipment fell off from the airport.,Thit an láimhseáil ón aerfort.
717,It could be better.,D'fhéadfadh sé a bheith níos fearr.
718,The sun is splitting the stones.,Tá an ghrian ag scoilteadh na gcloch.
719,It's beautiful today.,Tá sé go hálainn inniu.
720,I like to go for a walk in the park.,Is maith liom bheith ag siúl sa pháirc.
721,I can't wait that long.,Ní féidir liom fanacht chomh fada sin.
722,"The window is open, it's cold.","Tá an fhuinneog oscailte, tá sé fuar."
723,The food is delicious.,Tá an bia iontach blasta.
724,The weather is very cold today.,Tá an aimsir an-fhuar inniu.
725,The box is full for the new site.,Tá an cófra lán le haghaidh an tsuímh nua.
726,This house is for rent.,Tá an teach seo ar cíos.
727,I don't understand what you're saying.,Ní thuigim an méid atá á rá agat.
728,The cat is playing with the mice.,Tá an cat ag súgradh leis na luchóga.
729,I want to go out tonight.,Tá mé ag iarraidh dul amach anocht.
730,The sun is setting.,Tá an grian ag dul faoi.
731,The room is empty.,Tá an seomra folamh.
732,The car is clean.,Tá an carr glan.
733,The water is hot.,Tá an t-uisce te.
734,He is talking to you.,Tá sé ag caint leat.
735,The TV is broken.,Tá an teilifís briste.
736,The bus is slow.,Tá an bus mall.
737,The house is currently under construction.,Tá an teach ina thógáil faoi láthair.
738,The birds are singing in the garden.,Tá na héin ag seinm sa ghairdín.
739,The car is swaying on the road.,Tá an carr ag luascadh ar an mbóthar.
740,She opened the door slowly.,D'oscail sí an doras go mall.
741,The sun has been shining for years.,Bhí an ghrian ag sileadh le blianta fada.
742,The leaves are falling from the tree.,Tá na duilleoga ag titim ón gcrann.
743,I went to the shop alone.,Chuaigh mé go dtí an siopa le haonair.
744,They left the house without permission.,D'fhág siad an teach gan choinne.
745,The weather is bad today.,Tá an aimsir go dona inniu.
746,He said he would be there at two o'clock.,Dúirt sé go mbeadh sé ann ar a dó a chlog.
747,They made bread and cake last night.,Rinne siad arán agus cáca aréir.
748,The rain was pouring heavily.,Bhí an bháisteach ag séideadh go láidir.
749,I woke up early today.,D'éirigh mé go luath inniu.
750,The house is growing difficult to access on the road.,Tá an teach ag fás deacair le teacht ar an mbóthar.
751,He was taking pictures for an hour.,Bhí sé ag tógáil pictiúr ar feadh na huaire.
752,I listened to music all day.,D'éist mé le ceol ar feadh an lae.
753,The children are playing in the park.,Tá na páistí ag imirt sa pháirc.
754,He wrote a letter to his friend yesterday.,Scríobh sé litir chuig a chara inné.
755,This book is difficult to read.,Tá an leabhar seo deacair a léamh.
756,I ate a sandwich and a cup of tea for breakfast.,D'ith mé ceapaire agus cupán tae don bhricfeasta.
757,I could go to the shop with you.,D'fhéadfainn dul go dtí an siopa leat.
758,The sun is shining high in the sky.,Tá an ghrian ag taitneamh go hard sa spéir.
759,I like to go shopping with my friend.,Is maith liom dul ag siopadóireacht le mo chara.
760,This book is excellent.,Tá an leabhar seo go hiontach.
761,The food is in the fridge.,Tá an bia sa chuisneoir.
762,I didn't know you were home.,Ní raibh a fhios agam go raibh tú sa bhaile.
763,The weather is really bad today.,Tá an aimsir go dona inniu.
764,I wasn't able to do that.,Ní raibh mé in ann é sin a dhéanamh.
765,It's going too far in the graphic.,Tá sé ag dul i bhfad sa ghrafaic.
766,He hit me badly.,Bhuail sé orm go dona.
767,It could be right enough.,D'fhéadfadh sé bheith ceart go leor.
768,I was expecting that answer.,Bhí mé ag súil leis an fhreagra sin.
769,It's very difficult to account for that.,Tá an rud sin an-deacair a chur san áireamh.
770,It's difficult to say exactly why.,Tá sé deacair a rá go díreach cén fáth.
771,I don't know why you want to do that.,Níl a fhios agam cén fáth a bhfuil tú ag iarraidh é sin a dhéanamh.
772,I could try it again.,D'fhéadfainn é a thriail arís.
773,It's hard to say exactly how many.,Tá sé deacair a rá go díreach cé mhéad.
774,That offended me.,Chuir sé sin isteach orm.
775,He could be honest.,D'fhéadfadh sé a bheith ina mhacánta.
776,It's hard to judge how far it is.,Tá sé deacair a mheas cé chomh fada agus atá sé.
777,He could be right enough.,D'fhéadfadh sé a bheith ceart go leor.
778,The subject is very positive.,Tá an t-ábhar an-dearfach.
779,It could be a great success.,D'fhéadfadh sé a bheith ina mhórshiúl.
780,I could try it now.,D'fhéadfainn é a thriail anois.
781,The rest of them were happy.,Bhí an chuid eile acu sásta.
782,It's true.,Tá sé fíor.
783,The sun is shining brightly in the sky.,Tá an ghrian ag taitneamh go hard sa spéir.
784,I'm not sure about the time the bus comes.,Níl mé cinnte faoin am a bhíonn an bus ag teacht.
785,The weather is wet and windy in winter.,Bíonn an aimsir fliuch agus gaofar sa Gheimhreadh.
786,I'm looking forward to the weekend.,Táim ag tnúth leis an deireadh seachtaine.
787,I have to go to the shop.,Caithfidh mé dul go dtí an siopa.
788,This movie is great.,Tá an scannán seo thar barr.
789,The food in this restaurant is excellent.,Tá an bia ana-mhaith sa bhialann seo.
790,I don't like this book.,Ní thaitin an leabhar seo liom.
791,This house is very close to the beach.,Tá an teach seo an-chóngarach don trá.
792,It's wet outside.,Tá sé fliuch taobh amuigh.
793,I'm lucky to have won the prize.,Tá an t-ádh liom gur bhuaigh mé an duais.
794,Today's language is Irish.,Tá sé teanga an lae inniu Gaeilge.
795,The window is open.,Tá an bhfuinneog oscailte.
796,I'm not very rich but I'm happy.,Ní bhíonn mé ró-shaibhir ach táim sásta.
797,The party is on next Saturday.,Tá an páirtí ar siúl ar an Satharn seo chugainn.
798,I want to walk to the shop.,Táim ag iarraidh dul go dtí an siopa siúil.
799,This house is very big and beautiful.,Tá an teach seo an-mhór agus álainn.
800,I wasn't sure about the outcome of that meeting.,Ní raibh mé cinnte faoi an toradh a bheadh ar an chéimnigh sin.
801,It's very lively here in this area.,Tá sé ana-thapaidh anseo sa cheantar seo.
802,It's nice and warm in the kitchen today.,Tá sé deas agus te sa chistin inniu.
803,The weather is always beautiful in this area every time I come there.,Bíonn an aimsir go hálainn ar an gceantar seo gach uair a thagann mé ann.
804,I left the office early yesterday as I was tired after working for long hours.,Rinne mé imeacht ón oifig go luath inné mar bhí mé tuirseach tar éis a bheith ag obair le haghaidh uaireanta fada.
805,I want to go to the cinema on Saturday with my friend.,Tá mé ag iarraidh dul go dtí an phictiúrlann ar an Satharn le mo chara.
806,I have the window open and it's nice to let in fresh air.,Tá an fhuinneog oscailte agam agus tá sé deas teacht isteach an aer úr a shaothrú.
807,I went to the shop last night for food.,Chuaigh mé go dtí an siopa aréir le haghaidh bia.
808,I will be doing some homework this weekend.,Beidh mé ag déanamh obair bhaile ar an deireadh seachtaine seo.
809,The fish are sitting in the small area around the swimming pool.,Tá na héisc ina suí ar an láthair beag timpeall an linn snámha.
810,I'm looking for someone to serve at the bar.,Tá mé ag lorg duine le freastal ar an mbainis.
811,I couldn't go out with my friends last night as I was tired after a week of work.,Ní raibh mé in ann dul amach le mo chairde aréir mar bhí mé tuirseach tar éis na seachtaine oibre.
812,I want to have dinner with my family tonight.,Tá mé ag iarraidh dinnéar a ithe le mo theaghlach anocht.
813,I got up early yesterday to go to the supermarket to get the services.,D'éirigh mé go luath inné chun dul go dtí an ollmhargadh leis na seirbhísí a fháil.
814,It would be nice to go on holiday to the Caribbean in the summer.,Bheadh sé deas dul ar saoire chuig an gCaraíb sa samhradh.
815,It's not easy to find work but I need it.,Níl sé éasca obair a fháil ach tá sé de dhíth orm.
816,The plants with flowers in this garden are so beautiful to see.,Tá na plandaí ina bhfuil bláthanna sa ghairdín seo chomh alainn le feiceáil.
817,I didn't get the right food order at the restaurant yesterday.,Ní bhfuair mé an bia ceart a ordú ag an mbialann inné.
818,I want to go shopping on Saturday.,Tá mé ag iarraidh dul ag siopadóireacht ar an Satharn.
819,This house is very beautiful and I love the light that goes through the windows.,Tá an teach seo an-álainn agus is aoibhinn liom an solas a théann tríd na fuinneoga.
820,I want to go to the shop.,Táim ag iarraidh dul go dtí an siopa.
821,I often walk in the park.,Bíonn mé ag siúl go minic sa pháirc.
822,I see the birds playing in the garden.,Feicim na héin ag seinm sa ghairdín.
823,What do you do on your holidays?,Céard a dhéanann tú don laethanta saoire?
824,I don't know why that is important.,Níl a fhios agam cén fáth go bhfuil sé sin tábhachtach.
825,It's difficult to save money in this field.,Tá sé deacair airgead a shábháil sa réimse seo.
826,I like playing sports with my friends.,Is maith liom spórt a imirt le mo chairde.
827,I study Irish for schoolwork.,Déanaim staidéar ar an nGaeilge le haghaidh obair na scoile.
828,I'm looking forward to the party tonight.,Táim ag tnúth leis an gcóisir anocht.
829,My friend is going to America next week.,Tá mo chara ag dul go Meiriceá an tseachtain seo chugainn.
830,They organize events like that every week.,Déanann siad imeachtaí den sórt sin gach seachtain.
831,It's raining today.,Tá sé ag cur báistí inniu.
832,My brother is learning the violin.,Tá mo dheartháir ag foghlaim an bhfidil.
833,That job is still available if you're interested.,Tá an phost sin fós ar fáil má tá suim agat ann.
834,This house is very nice.,Tá an teach seo an-deas.
835,I often read books.,Bíonn mé ag léamh leabhair go minic.
836,I see my first book published in the shop.,Feicim mo chéad leabhar a fhoilsíodh sa siopa.
837,The plants are growing great in the garden.,Tá na plandaí ag fás go hiontach sa ghairdín.
838,The weather is wet and cloudy in the Winter.,Bíonn an aimsir fliuch agus scamallach sa Gheimhreadh.
839,The music on the radio is very nice today.,Tá an ceol ar an raidió an-deas inniu.
840,This court is announced.,Tá an chuirt seo fógartha.
841,This poem is creative.,Tá an dán seo cruthaitheach.
842,The truth is obtainable.,Tá an fhírinne le fáil.
843,This movie is attractive.,Tá an scannán seo tarraingteach.
844,The first step is taken.,Tá an chéad chéim déanta.
845,The question is solved.,Tá an cheist réitithe.
846,The shopping center is full.,Tá an t-ionad siopadóireachta lán.
847,The opportunity is available.,Tá an deis curtha ar fáil.
848,The noise is very loud.,Tá an torann an-ard.
849,This week is productive.,Tá an seachtain seo ceannaitheach.
850,The door is arranged.,Tá an doras socraithe.
851,This girl is beautiful.,Tá an cailín seo álainn.
852,The computer is hot.,Tá an ríomhaire te.
853,The message is false.,Tá an teachtaireacht bréagach.
854,The problem is solved.,Tá an fhadhb réitithe.
855,The internet network is open.,Tá an líonra idirlín oscailte.
856,This conversation is attractive.,Tá an chaint seo tarraingteach.
857,The software system is upgraded.,Tá an córas bogearraí uasghrádaithe.
858,The hand is in charge.,Tá an lámh in uachtar.
859,The place is built.,Tá an áit tógtha.
860,The phone line is outside the room.,Tá an líne fón amuigh den seomra.
861,The woman is making tasty dishes.,Tá an bhean ag déanamh plátaí blasta.
862,The cat is playing in the garden.,Tá an cat ag súgradh sa ghairdín.
863,The sun is setting.,Tá an ghrian ag dul faoi.
864,The sea is beautiful.,Tá an fharraige go hálainn.
865,The space is clean.,Tá an spás glan.
866,The house is in crisis.,Tá an teach i ngéarchéim.
867,The child is washing their hands.,Tá an páiste ag glanadh a lámha.
868,The music is playing.,Tá an ceol á sheinm.
869,The boat is going into the ocean.,Tá an bád ag dul isteach sa chuan.
870,The train is arriving.,Tá an traein ag teacht isteach.
871,The man is taking care of the child.,Tá an fear ag tabhairt aire don pháiste.
872,The sky is dry.,Tá an spéir tirim.
873,The box is locked.,Tá an cófra faoi ghlas.
874,The place is crowded with people.,Tá an t-áit dubh le daoine.
875,The weather is beautiful.,Tá an aimsir go hálainn.
876,The piper is playing.,Tá an píobaire ag seinm.
877,The woman is waiting for the train.,Tá an bhean ag fanacht leis an traein.
878,The incoming is bothering me.,Tá an teacht isteach ag cur isteach orm.
879,The team is announcing a win.,Tá an fhoireann ag fógairt bua.
880,The food is tasty.,Tá an bia blasta.
881,The space is limited.,Tá an spás teoranta.
882,The weather is wet.,Tá an aimsir fliuch.
883,The plane is taking off.,Tá an eitleán ag éirí suas.
884,The person is going back on the road.,Tá an duine ag dul siar ar an mbóthar.
885,The window is open.,Tá an fhuinneog oscailte.
886,The book is read.,Tá an leabhar léite.
887,The TV is on.,Tá an teilifís ar siúl.
888,The house is built.,Tá an teach tógtha.
889,The song is sung.,Tá an t-amhrán canaithe.
890,The sport is fun.,Tá an spórt spraoiúil.
891,Life is moving forward.,Tá an saol ag dul ar aghaidh.
892,The race is finished.,Tá an rás críochnaithe.
893,The bus is stopping.,Tá an bus ag stad.
894,The phone is smart.,Tá an fón cliste.
895,The work is done well.,Tá an obair déanta go maith.
896,The water is pouring.,Tá an t-uisce ag sileadh.
897,The air is sorted.,Tá an t-aer curtha in ord.
898,The sea is far from the boat.,Tá an fharraige i bhfad ón mbád.
899,The rain is falling heavily.,Tá an bháisteach ag titim go trom.
900,The car is close to the town.,Tá an carr gar don bhaile.
901,The box is full.,Tá an cófra lán.
902,The knife is sharp.,Tá an scian géar.
903,The house is dry.,Tá an teach tirim.
904,The education system is very good.,Tá an córas oideas an-mhaith.
905,The exam is done.,Tá an scrúdú déanta.
906,The fire is hot.,Tá an tine te.
907,The sitting room is dry.,Tá an seomra suite tirim.
908,The door is closed.,Tá an doras dúnta.
909,The boat is sailing.,Tá an bád ag seoladh.
910,The game is tough.,Tá an cluiche crua.
911,The fish is wet.,Tá an t-iasc fliuch.
912,The party is happening.,Tá an páirtí ar siúl.
913,The subject is interesting.,Tá an t-ábhar suimiúil.
914,The study is finished.,Tá an staidéar críochnaithe.
915,The bathroom is clean.,Tá an seomra folctha glan.
916,The subject is easy.,Tá an t-ábhar éasca.
917,The tide is coming in the garden.,Tá an teacht isteach sa ghairdín.
918,The rest is waiting.,Tá an chuid eile ag fanacht.
919,The mail is not on the table.,Tá an post seachas ar an mbórd.
920,The birds are singing in the garden.,Tá na héin ag seinm sa ghairdín.
921,There's only a few things to do.,Níl ach cúpla rud le déanamh.
922,The view is amazing.,Tá an radharc iontach.
923,I'm looking forward to the festival.,Tá mé ag súil leis an bhféile.
924,The day is beautiful.,Tá an lá go hálainn.
925,It's difficult.,Tá sé deacair.
926,The flowers are growing in the garden.,Tá na bláthanna ag fás sa ghairdín.
927,The food is great.,Tá an bia go hiontach.
928,The house is in good order.,Tá an teach ina cheart go leor.
929,You're lucky.,Tá an t-ádh leat.
930,It's lovely.,Tá sé go hálainn.
931,It's nice and warm.,Tá sé deas agus te.
932,I have my phone.,Tá an fón póca orm.
933,The money is great.,Tá an t-airgead ar fheabhas.
934,I'm looking forward to the trip.,Tá mé ag tnúth leis an turas.
935,The books are on the table.,Tá na leabhair ar an mbord.
936,The weather is warm.,Tá an aimsir te.
937,The sun is setting.,Tá an ghrian ag dul faoi.
938,The work is done.,Tá an obair déanta.
939,The water is cold.,Tá an t-uisce fuar.
940,The sun is shining.,Tá an ghrian ag taitneamh.
941,I love traditional music.,Is breá liom ceol traidisiúnta.
942,It's cold today.,Tá sé fuar inniu.
943,The weather was lovely yesterday.,Bhí an aimsir go hiontach inné.
944,I don't know.,Níl a fhios agam.
945,I am learning Irish.,Tá mé ag foghlaim Gaeilge.
946,Are you well?,An bhfuil tú go maith?
947,I'm looking forward to the summer.,Táim ag tnúth leis an tsamhraidh.
948,My house is located in the city centre.,Tá mo theach suite i gcroílár na cathrach.
949,I love cake.,Is aoibhinn liom cáca milis.
950,I want to go to the shop.,Táim ag iarraidh dul go dtí an siopa.
951,The window is open.,Tá an fhuinneog oscailte.
952,The food is tasty.,Tá an bia blasta.
953,The water is hot.,Tá an t-uisce te.
954,I have nothing else to say.,Níl aon rud eile le rá agam.
955,I am tired.,Tá mé tuirseach.
956,That book is good.,Tá an leabhar sin go maith.
957,This house is beautiful.,Tá an teach seo go hálainn.
958,The children are playing in the garden.,Tá na páistí ag imirt sa ghairdín.
959,The conversation is great.,Tá an chaint go hiontach.
960,I love listening to music),Is aoibhinn liom éisteacht le ceol
961,I'm looking forward to summer),Tá mé ag súil leis an samhradh
962,"It is said that learning Irish is difficult, but it's not that difficult)","Deirtear go bhfuil sé deacair Gaeilge a fhoghlaim, ach níl sé chomh deacair sin"
963,I didn't like the movie),Níor thaitin an scannán liom
964,I love doing this),Is aoibhinn liom é seo a dhéanamh
965,I heard the news on the news),Chuala mé an scéal ar an nuacht
966,It's true that the organizations are working together),Tá sé fíor go bhfuil na hEagraíochtaí ag obair le chéile
967,It is said that Irish is a rich language),Deirtear go bhfuil an Ghaeilge ina teanga bhlasta
968,I don't know why they would close the shop),Níl a fhios agam cén fáth a dhúnfadh siad an siopa
969,I love traveling and making trips),Is breá liom taisteal agus turas a dhéanamh
970,I hope the weather will be good tomorrow),Tá súil agam go mbeidh an aimsir go maith amárach
971,He told me he would be here at seven o'clock),Dúirt sé liom go mbeadh sé anseo ar a seacht a chlog
972,I went back in time),Chuaigh mé ar ais sa lá
973,I'm looking for a new job),Táim ag lorg post nua
974,I love looking at the sky),Is breá liom amharc ar an aer
975,It's important for everyone to tackle the climate crisis),Tá sé tábhachtach do gach duine dul i ngleic leis an ngéarchéim aeráide
976,It is said that this song is groundbreaking),Deirtear go bhfuil an t-amhrán seo ina cheannródaí
977,It's not difficult to speak Irish if you're making an effort),Níl sé deacair gaeilge a labhairt mura bhfuil tú ag déanamh iarracht
978,I love coming to the coast),Is aoibhinn liom teacht ar an gcósta
979,I hope the train will be on time),Tá súil agam go mbeidh an traenach in am
980,The sun often goes on vacation.,Téann an ghrian faoi saoire go minic.
981,The bird always flies away in the garden.,Imíonn an t-éan i gcónaí sa ghairdín.
982,The weather is always beautiful on this island.,Bíonn an aimsir go hálainn ar an oileán seo.
983,The stars shine in the sky one night in December.,Fanann na réaltaí ag lonrú sa spéir oíche amháin i mí na Nollag.
984,That person stands firmly.,Seasann an duine sin ina sheasamh go crua.
985,That story is often true.,Bíonn an scéal sin fíor go minic.
986,I often hear that song on the radio.,Cloisim an t-amhrán sin go minic ar an raidió.
987,The dog goes swimming in the river every morning.,Téann an madra ag snámh san abhainn gach maidin.
988,The day rises early in summer.,Éiríonn an lá go luath sa samhradh.
989,That message scares me.,Cuireann an teachtaireacht sin eagla orm.
990,It is said that luck will come to the unpleasant.,Deirtear go dtiocfaidh an t-ádh leis an ngarbhchrannach.
991,The train leaves the station at six o'clock.,Imíonn an traein as an stáisiún ag a sé a chlog.
992,Those animals talk to each other.,Bíonn na hainmhithe sin ag caint le chéile.
993,He leaves it in the kitchen every night.,Fágann sé isteach sa chistin gach oíche.
994,The sea makes noise proudly.,Déanann an fharraige fuaim go bródúil.
995,That story always spreads throughout the country.,Imíonn an scéal sin i gcónaí ar fud na tíre.
996,The child goes out on the road completely.,Téann an páiste go léir amach ar an mbóthar.
997,I hear that folklore from my grandfather.,Cloisim an seanscéal sin ó mo sheanathair.
998,That house is always behind me.,Bíonn an teach sin ina dhiaidh orm i gcónaí.
999,The network is slow in this room.,Bíonn an líonra go mall sa seomra seo.
